city,propertyType,livingArea,lotSize,yearBuilt,Prezzo Reale,Prezzo Predetto
Santa Ana,singleFamily,1742.0,7148.0,1922.0,549000,693914
Lubbock,singleFamily,2428.0,9147.6,1973.0,248500,319662
Madison,singleFamily,2582.0,9147.6,1971.0,475000,536959
Birmingham,singleFamily,1997.0,20908.8,2014.0,549900,341143
St. Petersburg,singleFamily,1923.0,5798.0,1964.0,349900,512133
Indianapolis,singleFamily,4618.0,14810.399999999996,1957.0,479990,573005
Lincoln,singleFamily,2588.0,6969.6,1933.0,460000,396795
Jacksonville,singleFamily,2711.0,9583.2,2008.0,575000,469583
Fremont,singleFamily,704.0,5662.8,1920.0,154900,228360
Tucson,singleFamily,5091.0,148104.0,2012.0,1600000,1026210
Riverside,singleFamily,2500.0,10019.0,1948.0,835000,688558
Lincoln,singleFamily,1474.0,7840.8,2001.0,310000,334143
Madison,singleFamily,1340.0,7405.2,1965.0,349900,391273
Sacramento,singleFamily,1578.0,4356.0,1932.0,241900,531726
Montgomery,singleFamily,2152.0,9147.6,1966.0,89500,282101
Rochester,singleFamily,1794.0,28314.0,1974.0,299900,280965
Chandler,singleFamily,1647.0,7131.0,1992.0,500000,543207
Akron,singleFamily,1110.0,17998.991999999995,1931.0,199900,223399
Moreno Valley,singleFamily,1901.0,7841.0,1996.0,539000,561577
Milwaukee,singleFamily,1601.0,4791.6,1930.0,274999,315979
Birmingham,singleFamily,1458.0,9147.6,1929.0,114900,262209
Toledo,singleFamily,1418.0,7840.8,1956.0,200000,220043
Rochester,singleFamily,2000.0,33105.6,1975.0,299999,296110
Fort Wayne,singleFamily,1867.0,10890.0,2006.0,409000,318365
Houston,singleFamily,3751.0,9199.872,1972.0,390000,517256
Orlando,singleFamily,2756.0,9807.0,2006.0,650000,614812
San Antonio,singleFamily,2678.0,7143.84,2023.0,377000,404344
St. Petersburg,singleFamily,4087.0,28901.999999999996,2015.0,4450000,945725
Boston,multiFamily,3444.0,2653.0,2013.0,1199900,983831
Denver,singleFamily,2285.0,12196.799999999996,1963.0,1088589,741975
Minneapolis,singleFamily,3408.0,9147.6,1951.0,1175000,577233
Henderson,singleFamily,1356.0,6534.0,1994.0,450000,454463
Durham,singleFamily,2837.0,12196.799999999996,1925.0,1100000,549089
Bakersfield,singleFamily,2287.0,8276.4,1969.0,450000,484722
Modesto,singleFamily,1381.0,5980.788,1976.0,429000,440018
Stockton,singleFamily,1164.0,7300.656,1962.0,385000,376310
Garland,singleFamily,2253.0,16160.76,1984.0,350000,375192
Orlando,singleFamily,1264.0,5400.0,2002.0,388000,422416
North Las Vegas,singleFamily,1752.0,4791.6,2001.0,399000,434682
Milwaukee,singleFamily,2792.0,5227.2,1897.0,575000,403438
Laredo,singleFamily,3416.0,9019.0,2011.0,460000,489937
Baltimore,singleFamily,2133.0,41730.00000000001,1948.0,260000,348952
Des Moines,singleFamily,1426.0,11020.68,1975.0,354000,285704
Arlington,singleFamily,955.0,6490.44,1959.0,215000,273673
Garland,singleFamily,1104.0,8145.72,1971.0,219500,276789
Anaheim,singleFamily,1709.0,3800.0,1994.0,1170000,848982
Fort Worth,singleFamily,3359.0,12109.68,1979.0,519900,397122
Sacramento,singleFamily,1333.0,4952.772,1985.0,519000,542629
Little Rock,singleFamily,1403.0,7840.8,1965.0,160000,288600
Baltimore,singleFamily,2006.0,11249.999999999996,1924.0,399999,326000
Jacksonville,singleFamily,1742.0,14374.799999999996,1978.0,395000,352917
Omaha,singleFamily,2610.0,13939.2,1979.0,317000,455374
Raleigh,singleFamily,1520.0,19602.0,1964.0,369000,407230
Fort Wayne,singleFamily,1528.0,15681.599999999999,1967.0,209000,275820
Des Moines,singleFamily,1565.0,9365.4,1895.0,205000,261701
Seattle,singleFamily,2670.0,11199.276,1936.0,1695000,958628
Laredo,singleFamily,1360.0,4840.0,2021.0,225000,299093
Tampa,singleFamily,1274.0,5000.0,2008.0,311900,420102
Oklahoma City,singleFamily,3470.0,11325.6,1959.0,850000,442530
Minneapolis,singleFamily,2278.0,7840.8,1957.0,1100000,440438
Miami,singleFamily,1874.0,11324.999999999998,1955.0,1748000,744092
Washington,townhome,2328.0,1111.0,2018.0,750000,754498
Fremont,singleFamily,1231.0,7840.8,1900.0,189900,252346
Kansas City,singleFamily,3358.0,11325.6,1986.0,428000,496119
Yonkers,multiFamily,1843.0,4792.0,1910.0,769000,407235
Gilbert,singleFamily,3284.0,9630.0,1999.0,675000,784836
Spokane,singleFamily,1614.0,6534.0,1890.0,395000,373834
Bakersfield,singleFamily,2807.0,9583.2,1993.0,649900,571866
Bakersfield,singleFamily,1863.0,7405.2,1988.0,399999,449287
Denver,singleFamily,1893.0,4690.0,1932.0,749000,642253
Durham,singleFamily,1778.0,10018.8,1996.0,329000,470881
Garland,singleFamily,1259.0,7971.48,1970.0,234586,287173
Fayetteville,singleFamily,1296.0,382456.8,1984.0,220000,253314
Fontana,singleFamily,2202.0,6000.0,1998.0,710000,693479
Houston,singleFamily,3642.0,9600.624,1980.0,449000,509677
San Diego,singleFamily,2021.0,4791.6,2005.0,889900,889623
El Paso,singleFamily,1356.0,7840.8,1986.0,260000,272480
Kansas City,singleFamily,928.0,20472.999999999996,1945.0,200000,255405
Spokane,singleFamily,4060.0,7405.2,1999.0,750000,808805
Denver,singleFamily,2225.0,8276.4,1959.0,450000,726591
Louisville/Jefferson County,singleFamily,1796.0,9583.2,1966.0,310000,338992
Arlington,singleFamily,2203.0,7187.4,1978.0,349900,383671
Detroit,singleFamily,1515.0,6534.0,1936.0,215000,181165
Garland,singleFamily,2679.0,10977.12,1973.0,375000,409964
North Las Vegas,singleFamily,1741.0,5662.8,2022.0,539999,447625
Columbus,singleFamily,4139.0,32234.399999999998,1920.0,1195000,597369
Long Beach,singleFamily,1306.0,5954.0,1925.0,595000,692486
San Jose,singleFamily,1672.0,6180.0,1960.0,1948000,1085147
Charlotte,singleFamily,2355.0,6098.400000000001,2005.0,445000,611905
Phoenix,singleFamily,2134.0,10129.0,1977.0,750000,558673
Tulsa,singleFamily,1328.0,5706.36,1986.0,230000,261031
Winston-Salem,singleFamily,3397.0,23522.4,1965.0,615000,469264
Durham,singleFamily,1382.0,9147.6,1996.0,295000,426925
Winston-Salem,singleFamily,1970.0,10018.800000000001,1957.0,169900,325652
Sacramento,singleFamily,2728.0,5832.684,2016.0,1399500,803502
Oklahoma City,singleFamily,2871.0,4926.636,1972.0,295000,389215
Oakland,condo,1195.0,30927.6,2008.0,569000,584734
Glendale,manufactured,1433.0,9640.0,1973.0,179000,187753
Kansas City,singleFamily,1998.0,49658.399999999994,1964.0,358000,342618
Tampa,singleFamily,4485.0,9750.0,1999.0,1875000,917243
Charlotte,singleFamily,3183.0,16117.199999999999,1987.0,825000,730686
Mesa,singleFamily,2952.0,6318.0,2024.0,675000,726975
Riverside,singleFamily,1224.0,6534.0,1953.0,565000,505965
Fresno,singleFamily,1190.0,7501.032,1963.0,359900,348962
Minneapolis,singleFamily,2502.0,0.12,1909.0,325000,432646
Moreno Valley,singleFamily,1316.0,7405.0,1985.0,547000,477796
Wichita,singleFamily,2236.0,20037.599999999995,1975.0,259900,292924
Minneapolis,singleFamily,1495.0,5227.2,1942.0,320000,354639
Montgomery,singleFamily,2149.0,10890.0,1953.0,104900,276350
Corpus Christi,singleFamily,1585.0,6721.0,1989.0,244999,303938
Buffalo,singleFamily,1494.0,10454.4,1945.0,239900,295537
New Orleans,singleFamily,1870.0,5950.0,1956.0,335000,424363
Omaha,singleFamily,3712.0,9147.6,1992.0,499900,610139
Portland,singleFamily,2584.0,10018.8,1956.0,825000,722045
Oakland,singleFamily,1397.0,5227.2,1948.0,1095000,719882
Boise City,singleFamily,1620.0,10585.08,1959.0,379900,486239
Oxnard,singleFamily,1570.0,6080.0,1949.0,789500,674040
Miami,singleFamily,1612.0,8000.0,1974.0,699999,717910
Las Vegas,singleFamily,1418.0,7840.8,1955.0,390000,389515
Austin,singleFamily,2019.0,12000.78,1978.0,1495000,481282
Fontana,singleFamily,1338.0,3600.0,1986.0,569999,549818
Colorado Springs,singleFamily,4216.0,23539.824,1998.0,815000,830509
Lincoln,singleFamily,2372.0,7405.2,1990.0,375000,410346
Austin,singleFamily,1738.0,43734.24,1980.0,550000,450306
Pittsburgh,singleFamily,1998.0,92782.79999999999,1965.0,524899,373227
Toledo,singleFamily,1743.0,13899.996,1942.0,149900,233426
Shreveport,singleFamily,2064.0,6708.24,1954.0,130000,280013
Riverside,singleFamily,1752.0,12631.999999999998,1959.0,799000,581892
Lubbock,singleFamily,2919.0,43560.0,2022.0,599999,388988
Tucson,singleFamily,2100.0,8276.4,1957.0,314999,450178
Henderson,townhome,1464.0,3049.2,1999.0,390000,401468
Baltimore,singleFamily,2128.0,9374.0,1926.0,365000,337021
Hialeah,singleFamily,2881.0,4895.0,1993.0,725000,799757
Tampa,singleFamily,1569.0,12069.999999999998,1952.0,575000,414877
Irvine,townhome,1443.0,1500.0,1990.0,929888,962907
Baton Rouge,singleFamily,1250.0,718.74,1980.0,129800,354830
Jacksonville,singleFamily,2344.0,5662.8,1953.0,275000,394274
Oakland,multiFamily,2400.0,3206.016,1912.0,249000,677672
Toledo,singleFamily,1413.0,10798.524,1952.0,219900,218431
San Jose,singleFamily,2619.0,6720.0,2012.0,2898000,1485081
Modesto,singleFamily,1516.0,5401.44,1997.0,355000,469792
Tacoma,singleFamily,3130.0,14701.500000000002,1986.0,1395000,738128
Henderson,singleFamily,2222.0,10018.8,1979.0,615000,550329
Los Angeles,singleFamily,3426.0,7775.46,1955.0,3495000,1290129
Colorado Springs,singleFamily,1728.0,7623.0,1955.0,399900,420185
San Bernardino,singleFamily,1474.0,25500.0,1957.0,556000,450697
Lubbock,singleFamily,1375.0,6098.4,2011.0,230000,261049
Hialeah,singleFamily,1000.0,6750.0,1959.0,599000,476706
Tucson,singleFamily,1595.0,8276.4,1952.0,635000,394270
Las Vegas,singleFamily,2814.0,7840.8,2001.0,635000,590287
Detroit,singleFamily,2150.0,5227.2,1959.0,139900,219571
Columbus,singleFamily,1344.0,16552.8,1986.0,315000,330847
Garland,singleFamily,2109.0,16596.36,2015.0,419900,379607
Plano,singleFamily,2960.0,14810.399999999996,1990.0,824950,567415
San Bernardino,singleFamily,2056.0,8840.0,1961.0,549990,523717
San Jose,singleFamily,1198.0,5758.632,1959.0,990000,963569
Gilbert,singleFamily,5172.0,21448.999999999996,2014.0,2250000,1281243
Irving,townhome,1156.0,189485.99999999997,1972.0,185000,283516
Austin,singleFamily,1891.0,10702.692,1983.0,569900,469850
San Francisco,multiFamily,3825.0,2247.696,1911.0,2195000,1194962
San Bernardino,singleFamily,3997.0,16035.0,2006.0,925000,906863
Omaha,singleFamily,1608.0,11761.2,1958.0,145000,344155
Tacoma,singleFamily,2100.0,5201.064,1888.0,750000,492550
Winston-Salem,singleFamily,2235.0,15681.599999999999,1962.0,599900,350386
Plano,singleFamily,2005.0,3920.4,1993.0,475000,450047
Philadelphia,multiFamily,1760.0,1801.0,1960.0,499999,306429
Oxnard,singleFamily,1333.0,6098.0,1948.0,699900,634675
Laredo,singleFamily,3060.0,466754.11199999996,2017.0,1350000,452485
Winston-Salem,singleFamily,2562.0,23958.000000000004,1948.0,715000,371880
Hialeah,singleFamily,2406.0,4029.0,2018.0,685000,738732
Oklahoma City,singleFamily,1096.0,5405.796,1981.0,79900,254325
Kansas City,singleFamily,2088.0,10018.8,2009.0,430000,375272
Phoenix,singleFamily,1800.0,8184.0,1983.0,425000,519088
Jacksonville,singleFamily,1776.0,10890.0,1963.0,365000,347841
Buffalo,singleFamily,1042.0,7840.8,1952.0,209900,267102
Austin,singleFamily,3455.0,14988.995999999996,1980.0,1649999,688744
Riverside,singleFamily,1038.0,6970.0,1952.0,575000,482466
Tulsa,singleFamily,1846.0,9888.12,1975.0,310000,291787
Colorado Springs,singleFamily,3768.0,8215.416,2006.0,675000,752505
Anaheim,singleFamily,1600.0,6000.0,1968.0,899000,794220
Greensboro,singleFamily,1886.0,10018.800000000001,1989.0,369900,357713
Buffalo,multiFamily,1832.0,3049.2,1926.0,239000,242201
Louisville/Jefferson County,singleFamily,5109.0,10890.0,2001.0,690000,811825
Milwaukee,singleFamily,8544.0,165528.0,1890.0,4900000,1656683
Wichita,singleFamily,2213.0,9147.6,1949.0,325000,279928
Indianapolis,singleFamily,1625.0,15245.999999999998,1959.0,264900,274039
Albuquerque,singleFamily,2311.0,6098.4,1995.0,400000,465238
Santa Ana,singleFamily,2133.0,1723.0,2017.0,980000,883751
Oxnard,singleFamily,1454.0,6098.0,1971.0,649999,677342
Birmingham,singleFamily,9714.0,74052.0,2006.0,2599000,2275012
Spokane,singleFamily,4612.0,23086.800000000003,2020.0,1360000,957386
Moreno Valley,singleFamily,2312.0,2880.0,2021.0,588000,645896
Seattle,singleFamily,2070.0,6599.34,1948.0,1299900,841639
Boston,condo,574.0,574.0,1900.0,799000,408633
Shreveport,singleFamily,4009.0,17123.436,1985.0,699000,475082
Fresno,singleFamily,1814.0,8999.496,1957.0,379950,403518
Laredo,singleFamily,1290.0,5497.272,2009.0,182000,288619
Spokane,singleFamily,1584.0,5662.8,1928.0,275000,393237
Greensboro,singleFamily,1393.0,20473.199999999997,1977.0,290000,310876
Chandler,singleFamily,2492.0,9762.0,1995.0,799000,672619
Pittsburgh,singleFamily,1812.0,23522.4,1940.0,315000,343118
Birmingham,singleFamily,5482.0,44866.8,2005.0,1499000,797085
Buffalo,singleFamily,1664.0,11600.027999999998,1962.0,295500,316341
Tacoma,singleFamily,1640.0,5710.716,1950.0,390000,483200
Portland,singleFamily,2728.0,3920.4,1912.0,799000,699626
Indianapolis,singleFamily,3270.0,17859.6,1941.0,239900,400562
Greensboro,singleFamily,2124.0,47044.8,1976.0,329900,371940
Baton Rouge,singleFamily,2484.0,18295.2,1972.0,229000,475696
New Orleans,singleFamily,3315.0,5998.212,2007.0,595000,655932
Jacksonville,singleFamily,2209.0,12196.799999999996,1963.0,288000,387184
Cincinnati,singleFamily,2067.0,21867.12,1885.0,619900,386877
Washington,townhome,1053.0,1821.0,1900.0,1098750,459597
Tampa,singleFamily,2227.0,7150.0,1998.0,439990,523776
Detroit,singleFamily,1775.0,3920.4,1936.0,99900,193206
Fort Worth,singleFamily,2948.0,6795.36,1986.0,290000,362574
Minneapolis,singleFamily,2621.0,9147.6,1952.0,415000,475808
Anaheim,singleFamily,1655.0,1655.0,1971.0,1150000,808805
Tulsa,singleFamily,2043.0,9844.56,2010.0,339000,323183
North Las Vegas,singleFamily,1650.0,6969.6,2003.0,420000,425142
Oakland,singleFamily,2621.0,8712.0,1962.0,1195000,995617
Milwaukee,singleFamily,2250.0,6098.4,1949.0,254999,381951
Pittsburgh,singleFamily,3133.0,32670.0,1956.0,464000,487554
Reno,singleFamily,1956.0,17424.0,1958.0,775000,606971
Columbus,singleFamily,2755.0,8276.4,2000.0,519999,479250
Spokane,singleFamily,3647.0,6534.0,1955.0,830000,682777
Irvine,singleFamily,3625.0,5000.0,2025.0,2988800,2042087
Gilbert,singleFamily,3532.0,13169.999999999998,2016.0,1150000,856454
Houston,singleFamily,4900.0,9679.032,1983.0,445000,699017
Philadelphia,singleFamily,1846.0,5541.0,1980.0,375000,415911
Sacramento,singleFamily,1068.0,5662.8,1926.0,485000,464405
Reno,singleFamily,2904.0,15681.599999999999,2004.0,1300000,823302
Columbus,condo,1064.0,871.2,1988.0,225000,241269
Houston,singleFamily,2408.0,9317.484,1971.0,315950,370428
Montgomery,singleFamily,2198.0,16117.199999999999,1966.0,206000,285328
Oklahoma City,singleFamily,2357.0,43995.6,2007.0,415000,361523
Albuquerque,singleFamily,1735.0,9583.2,1952.0,399000,377792
Tacoma,singleFamily,3083.0,10188.684,1998.0,859900,743089
Winston-Salem,singleFamily,1583.0,10454.4,2003.0,309900,317442
Kansas City,singleFamily,1504.0,6098.0,1929.0,325000,287430
Milwaukee,singleFamily,1392.0,3484.8,1909.0,235000,290583
Garland,singleFamily,1576.0,4051.08,1986.0,214900,318292
Madison,singleFamily,1920.0,6534.0,1909.0,750000,414648
Cincinnati,singleFamily,1776.0,8058.6,1977.0,289000,414299
Columbus,singleFamily,1720.0,3484.8,1920.0,479900,328305
Greensboro,singleFamily,2368.0,13939.2,1971.0,294500,392102
Glendale,singleFamily,1627.0,34965.0,1955.0,450000,371215
Fort Worth,singleFamily,1783.0,9801.0,1962.0,269900,261982
Milwaukee,singleFamily,1465.0,9583.2,1953.0,115000,316440
Columbus,singleFamily,1534.0,7405.2,1979.0,375000,343091
Madison,singleFamily,1070.0,4356.0,1894.0,480000,328383
Dallas,singleFamily,3609.0,12632.4,1995.0,985000,740697
Corpus Christi,singleFamily,2046.0,7215.0,2002.0,300000,347497
San Francisco,singleFamily,1515.0,3358.0,1924.0,899000,886901
Columbus,singleFamily,1787.0,6969.6,1999.0,197600,376586
Bakersfield,condo,1357.0,1306.8,1980.0,288000,305121
Tampa,singleFamily,1502.0,15999.999999999998,1972.0,575000,420707
Hialeah,singleFamily,1173.0,7592.508,1967.0,675000,503673
Arlington,singleFamily,1572.0,7797.24,1956.0,295000,317361
Boston,singleFamily,1520.0,3000.0,1991.0,580000,761583
Des Moines,singleFamily,1038.0,8712.0,1904.0,164900,232881
Indianapolis,singleFamily,1292.0,5662.8,1997.0,234000,267441
Philadelphia,singleFamily,2537.0,4356.0,1880.0,825000,423596
Little Rock,townhome,1752.0,3484.8,2017.0,318900,290749
Wichita,singleFamily,2511.0,13939.2,1950.0,350000,301811
Philadelphia,townhome,1110.0,1656.0,1925.0,109900,272055
Seattle,singleFamily,2600.0,6050.484,1956.0,1575000,971388
Fontana,singleFamily,1329.0,9300.0,1954.0,425000,522430
Albuquerque,singleFamily,1500.0,4791.6,1947.0,275000,353739
Fontana,singleFamily,1354.0,8100.0,1962.0,450000,532133
Minneapolis,singleFamily,1975.0,5227.2,1910.0,285000,380324
Stockton,singleFamily,1088.0,6446.88,1970.0,300000,373837
Garland,singleFamily,1800.0,10890.0,1969.0,249900,327811
Dallas,singleFamily,8343.0,18295.2,2023.0,4475000,2494537
Santa Ana,condo,1455.0,413806.93200000003,1974.0,399999,544942
Irving,singleFamily,2982.0,11064.24,1966.0,525000,517273
Riverside,singleFamily,1769.0,9583.0,1964.0,659900,588826
Seattle,singleFamily,1480.0,6072.264,1954.0,915000,733998
St. Petersburg,singleFamily,1304.0,5232.0,1947.0,799000,428137
Scottsdale,singleFamily,3201.0,10212.0,1989.0,1698888,1221962
Rochester,singleFamily,1561.0,9583.2,1960.0,199900,259620
Houston,singleFamily,2312.0,9134.0,1970.0,250000,361179
Arlington,singleFamily,1628.0,7187.4,1978.0,345000,332783
Oakland,multiFamily,2536.0,3484.8,1910.0,399999,698730
Gilbert,singleFamily,1597.0,10489.0,1994.0,599900,513042
Albuquerque,singleFamily,1780.0,8276.4,1946.0,295000,378539
Huntington Beach,singleFamily,1890.0,1503.0,1974.0,1698000,1111751
Scottsdale,singleFamily,2105.0,10138.0,1980.0,1100000,918962
Yonkers,singleFamily,3444.0,12196.999999999998,1919.0,849000,790758
Chandler,singleFamily,2561.0,2983.0,2015.0,550000,705426
Louisville/Jefferson County,singleFamily,1471.0,8712.0,1958.0,217000,308998
Denver,singleFamily,1419.0,4467.0,1962.0,399900,597940
North Las Vegas,singleFamily,2494.0,7840.8,2023.0,640000,540138
Chandler,singleFamily,5665.0,22144.000000000004,2023.0,2700000,1539384
Huntington Beach,singleFamily,2413.0,2938.0,1979.0,1750000,1275063
Glendale,singleFamily,1808.0,12521.999999999998,1978.0,450000,402109
Seattle,singleFamily,1730.0,5758.632,1907.0,425500,726768
Denver,singleFamily,3030.0,6250.0,1927.0,1500000,844477
El Paso,singleFamily,1972.0,5227.2,1994.0,259999,321252
Stockton,singleFamily,1222.0,2500.344,1955.0,199000,377693
Arlington,singleFamily,1466.0,8537.76,1970.0,295000,315823
Indianapolis,singleFamily,3028.0,6534.0,2006.0,650000,416650
Albuquerque,singleFamily,1738.0,10890.0,1985.0,385000,397610
Seattle,singleFamily,2360.0,7967.124,1946.0,1479000,901501
Phoenix,singleFamily,1782.0,6260.0,1976.0,735000,511288
Irvine,condo,1704.0,17572.999999999996,2015.0,1688000,974114
Modesto,singleFamily,1515.0,3432.528,1989.0,445000,463974
San Antonio,singleFamily,2400.0,6708.24,1994.0,325000,361112
Anaheim,singleFamily,1278.0,7039.0,1954.0,899000,717876
Baton Rouge,singleFamily,3584.0,18534.78,1980.0,325000,632203
Columbus,singleFamily,2207.0,10018.8,1949.0,689900,387119
Oxnard,singleFamily,2578.0,8138.0,1956.0,949000,874302
Denver,singleFamily,1898.0,6098.4,1940.0,675000,650950
Anaheim,singleFamily,2142.0,12360.0,1963.0,1099500,901307
Baltimore,singleFamily,1230.0,11343.0,1966.0,365900,286860
Toledo,singleFamily,1192.0,3201.66,1902.0,78000,191606
Chandler,singleFamily,2111.0,9282.0,1994.0,650000,611165
Yonkers,condo,1200.0,1742.0,1970.0,499000,382233
Akron,singleFamily,2986.0,13198.68,1955.0,375000,368656
Austin,singleFamily,2160.0,10733.184,1977.0,289900,497612
Orlando,singleFamily,2643.0,11979.000000000002,2000.0,465000,592403
Atlanta,singleFamily,3340.0,13068.0,2016.0,969900,732154
Albuquerque,singleFamily,1583.0,4791.6,2023.0,352900,405510
Columbus,singleFamily,2350.0,19602.0,1959.0,350000,407230
Colorado Springs,singleFamily,2114.0,15651.108,1956.0,570000,463004
Los Angeles,singleFamily,1734.0,6534.0,1954.0,799999,847469
Lincoln,singleFamily,1944.0,9147.6,1966.0,310000,355824
Greensboro,singleFamily,4042.0,17424.0,2007.0,929900,626878
Milwaukee,singleFamily,1491.0,4791.6,1922.0,250000,303760
Orlando,singleFamily,2441.0,5284.0,2002.0,499999,565246
Akron,singleFamily,1770.0,33976.8,1953.0,249900,272016
Louisville/Jefferson County,singleFamily,4072.0,6969.6,2021.0,697000,647554
Philadelphia,townhome,1188.0,967.0,1920.0,159900,275248
Seattle,singleFamily,3820.0,8481.132,1940.0,2100000,1282035
Albuquerque,singleFamily,3494.0,11325.6,1946.0,875000,578523
Rochester,singleFamily,1776.0,4791.6,1920.0,200000,257585
Atlanta,singleFamily,4500.0,13068.0,2005.0,425000,959352
Moreno Valley,singleFamily,1635.0,7405.0,2002.0,499900,530640
Dallas,singleFamily,2267.0,12196.799999999996,1960.0,689900,503733
New Orleans,singleFamily,1142.0,2173.5281,1954.0,295000,353323
Laredo,singleFamily,1922.0,9646.0,2002.0,285000,333891
Corpus Christi,singleFamily,776.0,7000.0,1965.0,135000,239840
Lincoln,singleFamily,1974.0,6969.6,1989.0,265000,371289
Indianapolis,singleFamily,3466.0,8712.0,1987.0,1750000,451071
Las Vegas,singleFamily,2540.0,7840.8,1996.0,590000,547393
Arlington,singleFamily,1061.0,6708.24,1962.0,259000,282236
Columbus,singleFamily,979.0,5662.8,1953.0,239900,287422
Glendale,singleFamily,1360.0,4883.0,1985.0,310000,363782
Miami,singleFamily,3104.0,5278.0,2022.0,1850000,1117517
Spokane,singleFamily,2839.0,22651.2,2020.0,1335000,617355
Lincoln,singleFamily,6378.0,280526.4,1980.0,2100000,1088706
North Las Vegas,singleFamily,1188.0,6098.4,2000.0,380000,377478
Winston-Salem,singleFamily,1187.0,12196.800000000001,1972.0,139000,274503
Raleigh,singleFamily,2834.0,12632.4,1980.0,640000,577664
Boston,singleFamily,3485.0,7686.0,1926.0,2199000,1121496
Lubbock,singleFamily,2323.0,9583.2,1954.0,294000,302557
Irving,singleFamily,4263.0,11891.879999999996,1967.0,500000,711308
Indianapolis,singleFamily,2103.0,5662.8,1929.0,379000,294643
Boston,singleFamily,1451.0,7527.0,1900.0,799000,651558
San Diego,singleFamily,2539.0,4791.6,1985.0,2198300,980878
Los Angeles,condo,1747.0,73180.8,1970.0,699900,678776
Garland,condo,1019.0,202989.6,1984.0,197000,215356
Atlanta,singleFamily,5000.0,25787.52,2006.0,639000,1087355
Omaha,singleFamily,3003.0,13503.6,1985.0,415000,506506
Stockton,singleFamily,2697.0,9361.044,2000.0,650000,582777
Tacoma,singleFamily,2280.0,4917.924,1927.0,550000,546586
San Jose,singleFamily,1798.0,6900.0,1979.0,1649000,1152470
Columbus,singleFamily,888.0,8276.4,1957.0,184900,282743
Denver,singleFamily,1352.0,3049.2,1906.0,625000,539910
Albuquerque,singleFamily,997.0,1306.8,1950.0,93500,313772
Greensboro,singleFamily,3090.0,20908.8,1988.0,585000,481133
Winston-Salem,singleFamily,3789.0,22215.600000000002,1957.0,559000,510791
Fresno,singleFamily,1786.0,6507.864,1978.0,429900,413790
Fresno,singleFamily,2014.0,9361.044,1980.0,645000,439146
Denver,singleFamily,4396.0,6250.0,1906.0,2195000,1146759
San Antonio,singleFamily,2018.0,5749.92,2005.0,189900,334104
San Bernardino,singleFamily,1940.0,9078.0,1961.0,589999,508896
Albuquerque,singleFamily,2961.0,13503.6,1990.0,750000,542268
Yonkers,singleFamily,3095.0,5663.0,1963.0,880000,775741
Indianapolis,singleFamily,2060.0,34848.0,1987.0,350000,318508
Madison,multiFamily,3960.0,10454.4,1984.0,779000,597715
Columbus,singleFamily,1535.0,4791.6,1930.0,348900,318438
Boston,singleFamily,1588.0,6000.0,1950.0,999995,727503
Fayetteville,singleFamily,1771.0,15245.999999999998,1987.0,270000,286353
El Paso,singleFamily,1984.0,5662.8,2010.0,235000,330176
Anaheim,singleFamily,2753.0,7616.0,1965.0,1299999,1051644
Boise City,singleFamily,1119.0,4051.08,1948.0,419900,422390
Columbus,singleFamily,2132.0,5662.8,2003.0,315000,412664
San Jose,singleFamily,2647.0,7392.0,1969.0,2499000,1400374
Chandler,singleFamily,2473.0,7776.0,2018.0,665000,693395
Birmingham,singleFamily,1614.0,10018.8,1972.0,399900,291023
Fresno,singleFamily,2686.0,9021.276,2003.0,700000,537137
San Jose,singleFamily,1189.0,5520.0,1915.0,899999,898954
Madison,singleFamily,1884.0,5227.2,1939.0,319900,430235
Sacramento,singleFamily,2379.0,11761.2,1970.0,799000,687022
Reno,singleFamily,1444.0,19166.4,1979.0,450000,552161
Hialeah,singleFamily,728.0,2250.0,1965.0,340000,449779
Columbus,singleFamily,1787.0,6969.6,1999.0,197600,376586
Durham,singleFamily,2416.0,8276.4,2013.0,390000,565919
Durham,singleFamily,1885.0,20037.599999999995,1971.0,400000,465400
Little Rock,singleFamily,1265.0,8276.4,2010.0,177000,298749
Fayetteville,singleFamily,1152.0,21344.399999999998,1993.0,205000,247943
St. Petersburg,singleFamily,1874.0,15738.000000000002,1966.0,849950,507501
Irvine,singleFamily,2357.0,89502.732,1985.0,2500000,1403538
Modesto,singleFamily,1123.0,6599.34,1967.0,410000,407167
San Jose,singleFamily,1592.0,8125.0,1958.0,2650000,1060629
Minneapolis,singleFamily,2748.0,7405.2,1938.0,359000,480616
New Orleans,multiFamily,1832.0,3600.0,1920.0,578000,308755
Albuquerque,singleFamily,1483.0,5227.2,1998.0,320000,380781
Fremont,singleFamily,1008.0,3484.8,1912.0,199900,243214
Moreno Valley,singleFamily,1707.0,6970.0,1989.0,549800,529563
Fort Wayne,singleFamily,1582.0,18295.2,1962.0,169900,277404
San Antonio,singleFamily,3224.0,8450.64,2006.0,450000,450980
Bakersfield,singleFamily,2245.0,8712.0,1976.0,739900,484865
Glendale,singleFamily,1750.0,9796.0,1975.0,499900,394568
Cincinnati,singleFamily,1967.0,106460.64,1996.0,450000,447082
Spokane,singleFamily,2409.0,6534.0,1910.0,374999,469228
Colorado Springs,singleFamily,2406.0,7649.136,1979.0,450000,515495
Corpus Christi,singleFamily,3460.0,10498.0,1940.0,815000,448542
Boise City,singleFamily,2342.0,22651.2,2020.0,1125000,638104
Wichita,singleFamily,1814.0,6969.6,1954.0,125000,255553
Oxnard,singleFamily,1465.0,4336.0,1950.0,650000,657757
Tacoma,singleFamily,1279.0,5998.212,1958.0,300000,447335
Minneapolis,singleFamily,2824.0,6098.4,1942.0,524927,492742
Omaha,singleFamily,1232.0,4356.0,1962.0,235000,315500
Henderson,condo,1459.0,30574.0,2009.0,435000,371650
Detroit,singleFamily,3150.0,5227.2,1935.0,160000,271103
Corpus Christi,singleFamily,1950.0,8372.0,1980.0,220000,328128
Fayetteville,singleFamily,2682.0,16988.4,2000.0,399999,365959
North Las Vegas,singleFamily,1426.0,4791.6,2022.0,429900,414057
Sacramento,singleFamily,1409.0,6534.0,1955.0,334950,528173
Minneapolis,singleFamily,4800.0,6534.0,1887.0,399900,738782
Anaheim,singleFamily,2126.0,10800.0,1963.0,1400000,897747
Austin,singleFamily,2612.0,7514.1,2017.0,439000,591558
San Jose,singleFamily,1300.0,5662.8,1971.0,1148888,1006475
Seattle,singleFamily,1800.0,5898.024,1959.0,629000,800576
Plano,singleFamily,3200.0,10890.0,1989.0,749000,601220
San Antonio,singleFamily,2418.0,10890.0,1954.0,699000,341231
San Francisco,singleFamily,1534.0,2482.92,1941.0,998000,914516
Wichita,singleFamily,2294.0,10890.0,1989.0,280000,303583
Little Rock,singleFamily,2149.0,8712.0,1991.0,375000,361172
Hialeah,singleFamily,3190.0,8625.0,1986.0,985000,854130
Lincoln,singleFamily,1042.0,6969.6,1951.0,185000,278193
Minneapolis,multiFamily,2432.0,10890.0,1900.0,335000,325438
Akron,singleFamily,2190.0,8398.368,1932.0,285000,292295
San Francisco,condo,1450.0,2500.344,1907.0,1395000,662596
Riverside,singleFamily,1330.0,8276.0,1960.0,600000,524993
Hialeah,singleFamily,2227.0,7500.0,1956.0,769900,642883
Detroit,singleFamily,7056.0,16988.4,1915.0,1899000,691291
Lincoln,singleFamily,3602.0,8712.0,2015.0,615000,577992
Louisville/Jefferson County,singleFamily,960.0,7840.8,1959.0,189000,272709
Plano,singleFamily,2162.0,11325.6,1978.0,379980,457278
Louisville/Jefferson County,singleFamily,2176.0,13503.6,1948.0,400000,362319
Garland,singleFamily,1395.0,9888.12,1950.0,150000,288069
Cleveland,singleFamily,1264.0,6054.84,1955.0,129900,198001
Henderson,townhome,1263.0,2178.0,1997.0,299000,380822
Colorado Springs,singleFamily,3318.0,14945.436000000002,1994.0,595000,660974
Plano,singleFamily,1573.0,7405.2,1971.0,349900,391055
Henderson,singleFamily,1981.0,7840.8,1990.0,449900,527250
San Francisco,singleFamily,1328.0,2500.344,1946.0,998888,875724
Scottsdale,singleFamily,2441.0,6900.0,1997.0,995000,1024906
Seattle,singleFamily,3140.0,4081.572,1924.0,1395000,1057327
Riverside,singleFamily,2340.0,7405.0,1988.0,790000,703512
Dallas,singleFamily,1434.0,7013.16,1940.0,764900,397570
Greensboro,singleFamily,2942.0,24829.199999999997,1994.0,550000,468097
Chandler,singleFamily,1339.0,5576.0,1983.0,391500,496473
Seattle,singleFamily,1740.0,2347.884,1996.0,1099950,834627
Tacoma,singleFamily,1180.0,3001.284,1896.0,425000,397082
Anchorage,singleFamily,1900.0,7840.8,1976.0,380000,493779
Lincoln,singleFamily,2667.0,8276.4,2010.0,475000,455111
Colorado Springs,singleFamily,2253.0,6891.192,2017.0,530000,525994
Philadelphia,townhome,884.0,480.0,1920.0,214900,255300
Chula Vista,singleFamily,1800.0,11325.6,1978.0,599000,732473
Mesa,singleFamily,2161.0,7020.0,2004.0,550000,579754
